{"cameraMode":{"drawMode":0,"name":"Shaded","section":"Shading Mode"},"sceneLighting":true,"audioPlay":false,"sceneViewState":{"showFog":false,"showMaterialUpdate":false,"showSkybox":false,"showFlares":false,"showImageEffects":false,"showParticleSystems":false},"in2DMode":false,"pivot":{"x":-10.349855422973633,"y":16.269668579101564,"z":-8.793509483337403},"rotation":{"x":0.37105071544647219,"y":0.3296644389629364,"z":-0.14285056293010713,"w":0.8562936782836914},"size":14.8497896194458,"orthographic":true}