{"cameraMode":{"drawMode":0,"name":"Shaded","section":"Shading Mode"},"sceneLighting":true,"audioPlay":false,"sceneViewState":{"showFog":false,"showMaterialUpdate":false,"showSkybox":false,"showFlares":false,"showImageEffects":false,"showParticleSystems":false},"in2DMode":false,"pivot":{"x":1.4932208061218262,"y":0.38466978073120119,"z":-1.0044467449188233},"rotation":{"x":0.37105071544647219,"y":0.3296644389629364,"z":-0.14285056293010713,"w":0.8562936782836914},"size":16.13724708557129,"orthographic":true}