{"cameraMode":{"drawMode":0,"name":"Shaded","section":"Shading Mode"},"sceneLighting":true,"audioPlay":false,"sceneViewState":{"showFog":false,"showMaterialUpdate":false,"showSkybox":false,"showFlares":false,"showImageEffects":false,"showParticleSystems":false},"in2DMode":false,"pivot":{"x":10.897276878356934,"y":3.932108163833618,"z":9.212013244628907},"rotation":{"x":0.4020351767539978,"y":0.2769656777381897,"z":-0.12900452315807343,"w":0.8631464838981628},"size":72.56525421142578,"orthographic":true}